conc,growth
1.0,13.3222079379203
2.0,10.8305328089083
3.0,11.1765715064331
4.0,8.98395336946397
5.0,8.1206954901671
6.0,8.04378381984629
7.0,5.24744940390419
8.0,7.2136631215058
9.0,2.27301595493662
10.0,2.13181537401631
